,Store,StoreType,Assortment,CompetitionDistance,CompetitionOpenSinceMonth,CompetitionOpenSinceYear,Promo2,Promo2SinceWeek,Promo2SinceYear,PromoInterval,Source
0,1,c,a,1270,9,2008,0,,,,3
1,2,a,a,570,11,2007,1,13.0,2010.0,"Jan,Apr,Jul,Oct",3
2,3,a,a,14130,12,2006,1,14.0,2011.0,"Jan,Apr,Jul,Oct",3
3,4,c,c,620,9,2009,0,,,,3
4,5,a,a,29910,4,2015,0,,,,3
5,6,a,a,310,12,2013,0,,,,3
6,7,a,c,24000,4,2013,0,,,,3
7,8,a,a,7520,10,2014,0,,,,3
8,9,a,c,2030,8,2000,0,,,,3
9,10,a,a,3160,9,2009,0,,,,3
10,11,a,c,960,11,2011,1,1.0,2012.0,"Jan,Apr,Jul,Oct",3
11,12,a,c,1070,-1,-1,1,13.0,2010.0,"Jan,Apr,Jul,Oct",3
12,13,d,a,310,-1,-1,1,45.0,2009.0,"Feb,May,Aug,Nov",3
13,14,a,a,1300,3,2014,1,40.0,2011.0,"Jan,Apr,Jul,Oct",3
14,15,d,c,4110,3,2010,1,14.0,2011.0,"Jan,Apr,Jul,Oct",3
15,16,a,c,3270,-1,-1,0,,,,3
16,17,a,a,50,12,2005,1,26.0,2010.0,"Jan,Apr,Jul,Oct",3
17,18,d,c,13840,6,2010,1,14.0,2012.0,"Jan,Apr,Jul,Oct",3
18,19,a,c,3240,-1,-1,1,22.0,2011.0,"Mar,Jun,Sept,Dec",3
19,20,d,a,2340,5,2009,1,40.0,2014.0,"Jan,Apr,Jul,Oct",3
20,21,c,c,550,10,1999,1,45.0,2009.0,"Jan,Apr,Jul,Oct",3
21,22,a,a,1040,-1,-1,1,22.0,2012.0,"Jan,Apr,Jul,Oct",3
22,23,d,a,4060,8,2005,0,,,,3
23,24,a,c,4590,3,2000,1,40.0,2011.0,"Jan,Apr,Jul,Oct",3
24,25,c,a,430,4,2003,0,,,,3
25,26,d,a,2300,-1,-1,0,,,,3
26,27,a,a,60,1,2005,1,5.0,2011.0,"Jan,Apr,Jul,Oct",3
27,28,a,a,1200,10,2014,1,6.0,2015.0,"Mar,Jun,Sept,Dec",3
28,29,d,c,2170,-1,-1,0,,,,3
29,30,a,a,40,2,2014,1,10.0,2014.0,"Mar,Jun,Sept,Dec",3
30,31,d,c,9800,7,2012,0,,,,3
31,32,a,a,2910,-1,-1,1,45.0,2009.0,"Feb,May,Aug,Nov",3
32,33,a,c,1320,5,2013,0,,,,3
33,34,c,a,2240,9,2009,0,,,,3
34,35,d,c,7660,10,2000,1,1.0,2012.0,"Jan,Apr,Jul,Oct",3
35,36,a,c,540,6,2003,1,40.0,2014.0,"Jan,Apr,Jul,Oct",3
36,37,c,a,4230,12,2014,0,,,,3
37,38,d,a,1090,4,2007,0,,,,3
38,39,a,a,260,10,2006,1,31.0,2013.0,"Feb,May,Aug,Nov",3
39,40,a,a,180,-1,-1,1,45.0,2009.0,"Feb,May,Aug,Nov",3
40,41,d,c,1180,-1,-1,1,31.0,2013.0,"Jan,Apr,Jul,Oct",3
41,42,a,c,290,-1,-1,1,40.0,2011.0,"Jan,Apr,Jul,Oct",3
42,43,d,a,4880,-1,-1,1,37.0,2009.0,"Jan,Apr,Jul,Oct",3
43,44,a,a,540,6,2011,0,,,,3
44,45,d,a,9710,2,2014,0,,,,3
45,46,c,a,1200,9,2005,1,14.0,2011.0,"Jan,Apr,Jul,Oct",3
46,47,a,c,270,4,2013,1,14.0,2013.0,"Jan,Apr,Jul,Oct",3
47,48,a,a,1060,5,2012,0,,,,3
48,49,d,c,18010,9,2007,0,,,,3
49,50,d,a,6260,11,2009,0,,,,3
50,51,a,c,10570,7,2013,1,9.0,2011.0,"Jan,Apr,Jul,Oct",3
51,52,d,c,450,4,2014,1,39.0,2010.0,"Jan,Apr,Jul,Oct",3
52,53,a,c,30360,9,2013,0,,,,3
53,54,d,c,7170,8,2014,1,5.0,2013.0,"Feb,May,Aug,Nov",3
54,55,a,a,720,11,2004,0,,,,3
55,56,d,c,6620,3,2012,1,10.0,2014.0,"Mar,Jun,Sept,Dec",3
56,57,d,c,420,6,2014,0,,,,3
57,58,a,c,7340,5,2008,1,27.0,2012.0,"Jan,Apr,Jul,Oct",3
58,59,a,c,2840,6,2007,1,14.0,2011.0,"Jan,Apr,Jul,Oct",3
59,60,d,c,5540,10,2009,0,,,,3
60,61,a,c,350,12,2007,1,1.0,2012.0,"Jan,Apr,Jul,Oct",3
61,62,a,a,2050,-1,-1,0,,,,3
62,63,c,c,3700,6,2010,1,18.0,2010.0,"Feb,May,Aug,Nov",3
63,64,d,c,22560,-1,-1,1,14.0,2013.0,"Jan,Apr,Jul,Oct",3
64,65,a,c,13840,5,2010,1,1.0,2012.0,"Jan,Apr,Jul,Oct",3
65,66,d,a,7660,-1,-1,1,37.0,2009.0,"Jan,Apr,Jul,Oct",3
66,67,a,c,410,2,2006,0,,,,3
67,68,a,c,250,-1,-1,1,35.0,2012.0,"Mar,Jun,Sept,Dec",3
68,69,c,c,1130,-1,-1,1,40.0,2011.0,"Jan,Apr,Jul,Oct",3
69,70,c,c,4840,-1,-1,0,,,,3
70,71,a,a,17500,8,2008,1,37.0,2009.0,"Mar,Jun,Sept,Dec",3
71,72,a,a,2200,12,2009,1,13.0,2010.0,"Jan,Apr,Jul,Oct",3
72,73,a,c,1650,9,2008,0,,,,3
73,74,a,a,330,-1,-1,0,,,,3
74,75,d,c,22440,12,2013,0,,,,3
75,76,d,c,19960,3,2006,0,,,,3
76,77,d,c,1090,8,2009,1,10.0,2014.0,"Jan,Apr,Jul,Oct",3
77,78,a,a,3510,11,2006,1,5.0,2013.0,"Feb,May,Aug,Nov",3
78,79,a,a,3320,-1,-1,0,,,,3
79,80,d,a,7910,-1,-1,0,,,,3
80,81,a,a,2370,3,2011,1,40.0,2014.0,"Jan,Apr,Jul,Oct",3
81,82,a,a,22390,4,2008,1,37.0,2009.0,"Jan,Apr,Jul,Oct",3
82,83,a,a,2710,-1,-1,0,,,,3
83,84,a,c,11810,8,2014,0,,,,3
84,85,b,a,1870,10,2011,0,,,,3
85,86,a,a,480,2,2005,1,31.0,2013.0,"Jan,Apr,Jul,Oct",3
86,87,a,a,560,12,2010,0,,,,3
87,88,a,a,10690,10,2005,0,,,,3
88,89,a,a,2380,7,2004,1,40.0,2014.0,"Jan,Apr,Jul,Oct",3
89,90,a,a,330,11,2007,0,,,,3
90,91,c,a,2410,-1,-1,1,35.0,2011.0,"Jan,Apr,Jul,Oct",3
91,92,c,a,240,-1,-1,1,45.0,2009.0,"Feb,May,Aug,Nov",3
92,93,a,a,16690,-1,-1,1,14.0,2011.0,"Jan,Apr,Jul,Oct",3
93,94,d,c,14620,-1,-1,0,,,,3
94,95,a,a,1890,10,2014,0,,,,3
95,96,a,a,8780,2,2005,1,37.0,2009.0,"Jan,Apr,Jul,Oct",3
96,97,d,c,8980,-1,-1,0,,,,3
97,98,d,c,15140,12,2006,1,1.0,2012.0,"Jan,Apr,Jul,Oct",3
98,99,c,c,2030,11,2003,1,22.0,2012.0,"Mar,Jun,Sept,Dec",3
99,100,d,a,17930,-1,-1,0,,,,3
100,101,d,c,2440,-1,-1,1,22.0,2012.0,"Mar,Jun,Sept,Dec",3
101,102,a,a,150,12,2007,1,10.0,2014.0,"Mar,Jun,Sept,Dec",3
102,103,d,c,5210,5,2015,0,,,,3
103,104,a,a,390,6,2009,0,,,,3
104,105,a,c,6190,-1,-1,1,23.0,2013.0,"Mar,Jun,Sept,Dec",3
105,106,a,a,1390,8,2013,0,,,,3
106,107,a,a,1930,9,2009,0,,,,3
107,108,d,c,2190,9,2003,0,,,,3
108,109,a,c,3300,11,2010,0,,,,3
109,110,a,c,46590,4,2013,0,,,,3
110,111,d,c,7890,-1,-1,1,37.0,2009.0,"Jan,Apr,Jul,Oct",3
111,112,a,a,1630,9,2009,0,,,,3
112,113,d,c,20930,11,1999,0,,,,3
113,114,c,a,4510,-1,-1,1,48.0,2011.0,"Mar,Jun,Sept,Dec",3
114,115,d,c,5740,4,2007,1,40.0,2014.0,"Jan,Apr,Jul,Oct",3
115,116,a,a,680,4,2013,0,,,,3
116,117,a,a,3450,9,2011,0,,,,3
117,118,d,c,3580,9,2012,0,,,,3
118,119,a,c,2100,2,2010,0,,,,3
119,120,d,a,2290,12,2014,1,37.0,2009.0,"Jan,Apr,Jul,Oct",3
120,121,a,a,3570,11,2009,1,36.0,2013.0,"Mar,Jun,Sept,Dec",3
121,122,a,c,58260,4,2013,0,,,,3
122,123,a,a,16760,9,2011,0,,,,3
123,124,a,a,1410,4,2003,0,,,,3
124,125,a,a,760,12,2005,0,,,,3
125,126,d,a,3370,10,2014,1,18.0,2011.0,"Feb,May,Aug,Nov",3
126,127,d,a,1350,12,2005,1,13.0,2010.0,"Jan,Apr,Jul,Oct",3
127,128,d,c,2000,-1,-1,1,1.0,2013.0,"Jan,Apr,Jul,Oct",3
128,129,a,a,2460,-1,-1,1,14.0,2011.0,"Jan,Apr,Jul,Oct",3
129,130,c,a,900,-1,-1,1,13.0,2010.0,"Jan,Apr,Jul,Oct",3
130,131,c,a,920,7,2015,0,,,,3
131,132,d,c,1040,-1,-1,1,27.0,2012.0,"Jan,Apr,Jul,Oct",3
132,133,a,a,270,8,2013,1,10.0,2014.0,"Mar,Jun,Sept,Dec",3
133,134,a,a,1200,9,2008,0,,,,3
134,135,d,a,5190,-1,-1,1,1.0,2013.0,"Jan,Apr,Jul,Oct",3
135,136,a,c,2200,12,2010,1,22.0,2012.0,"Feb,May,Aug,Nov",3
136,137,a,a,1730,7,2015,1,40.0,2014.0,"Jan,Apr,Jul,Oct",3
137,138,a,c,25360,10,2014,0,,,,3
138,139,a,a,1700,1,2008,1,14.0,2011.0,"Jan,Apr,Jul,Oct",3
139,140,a,c,1090,7,2010,1,1.0,2013.0,"Jan,Apr,Jul,Oct",3
140,141,c,c,1540,-1,-1,1,22.0,2012.0,"Mar,Jun,Sept,Dec",3
141,142,a,a,1090,7,2002,0,,,,3
142,143,d,a,2930,12,2002,0,,,,3
143,144,a,c,16570,-1,-1,0,,,,3
144,145,a,a,280,-1,-1,1,45.0,2009.0,"Feb,May,Aug,Nov",3
145,146,d,c,8050,10,1961,1,48.0,2012.0,"Jan,Apr,Jul,Oct",3
146,147,d,c,8540,-1,-1,0,,,,3
147,148,a,a,2090,12,2008,0,,,,3
148,149,d,a,2610,7,2006,1,14.0,2011.0,"Jan,Apr,Jul,Oct",3
149,150,c,c,31830,3,2010,0,,,,3
150,151,d,c,4360,10,2005,0,,,,3
151,152,a,a,1780,-1,-1,0,,,,3
152,153,a,a,16240,10,2000,1,18.0,2011.0,"Feb,May,Aug,Nov",3
153,154,d,c,16420,-1,-1,0,,,,3
154,155,d,a,3050,-1,-1,1,35.0,2010.0,"Jan,Apr,Jul,Oct",3
155,156,a,a,2020,2,2011,1,14.0,2011.0,"Mar,Jun,Sept,Dec",3
156,157,a,c,2950,10,2004,0,,,,3
157,158,d,c,11840,-1,-1,1,31.0,2009.0,"Feb,May,Aug,Nov",3
158,159,d,a,8530,3,2013,0,,,,3
159,160,d,c,17110,11,2005,0,,,,3
160,161,a,c,2970,3,2005,0,,,,3
161,162,d,c,5340,3,2012,1,13.0,2010.0,"Jan,Apr,Jul,Oct",3
162,163,a,a,1480,4,2009,0,,,,3
163,164,a,a,1160,9,2005,1,13.0,2010.0,"Jan,Apr,Jul,Oct",3
164,165,a,a,3720,4,2005,1,13.0,2010.0,"Jan,Apr,Jul,Oct",3
165,166,a,c,100,4,2014,1,31.0,2013.0,"Jan,Apr,Jul,Oct",3
166,167,a,a,140,4,2008,0,,,,3
167,168,a,a,12540,-1,-1,0,,,,3
168,169,d,a,980,7,2014,1,18.0,2014.0,"Feb,May,Aug,Nov",3
169,170,a,a,1070,5,2015,1,14.0,2011.0,"Jan,Apr,Jul,Oct",3
170,171,a,a,2640,-1,-1,0,,,,3
171,172,a,a,110,-1,-1,1,40.0,2014.0,"Jan,Apr,Jul,Oct",3
172,173,a,a,350,12,2012,0,,,,3
173,174,a,a,13090,-1,-1,1,22.0,2012.0,"Jan,Apr,Jul,Oct",3
174,175,c,a,4130,-1,-1,0,,,,3
175,176,a,a,3770,-1,-1,0,,,,3
176,177,a,a,1250,2,2004,1,5.0,2013.0,"Feb,May,Aug,Nov",3
177,178,d,a,1710,-1,-1,0,,,,3
178,179,a,c,480,-1,-1,0,,,,3
179,180,d,a,5800,9,2010,0,,,,3
180,181,a,a,12610,3,2013,1,14.0,2011.0,"Jan,Apr,Jul,Oct",3
181,182,d,c,1390,-1,-1,1,9.0,2011.0,"Mar,Jun,Sept,Dec",3
182,183,a,a,9670,-1,-1,0,,,,3
183,184,d,c,3560,-1,-1,0,,,,3
184,185,d,c,1860,5,2015,0,,,,3
185,186,a,a,290,10,2011,1,40.0,2014.0,"Jan,Apr,Jul,Oct",3
186,187,a,c,19360,-1,-1,0,,,,3
187,188,d,a,850,-1,-1,1,18.0,2011.0,"Feb,May,Aug,Nov",3
188,189,d,a,5760,7,2014,0,,,,3
189,190,a,a,1470,12,2006,1,40.0,2014.0,"Jan,Apr,Jul,Oct",3
190,191,a,a,1100,8,2013,1,40.0,2014.0,"Jan,Apr,Jul,Oct",3
191,192,d,c,2770,3,2008,1,40.0,2014.0,"Jan,Apr,Jul,Oct",3
192,193,a,a,520,-1,-1,0,,,,3
193,194,d,c,16970,-1,-1,1,5.0,2013.0,"Feb,May,Aug,Nov",3
194,195,a,c,220,-1,-1,0,,,,3
195,196,c,a,3850,11,2005,1,14.0,2011.0,"Jan,Apr,Jul,Oct",3
196,197,c,a,4210,3,2015,0,,,,3
197,198,a,a,290,9,2002,1,13.0,2010.0,"Jan,Apr,Jul,Oct",3
198,199,d,c,6360,12,2010,1,14.0,2012.0,"Mar,Jun,Sept,Dec",3
199,200,a,a,1650,10,2000,0,,,,3
200,201,d,a,20260,-1,-1,1,18.0,2014.0,"Mar,Jun,Sept,Dec",3
201,202,d,c,5140,5,2010,0,,,,3
202,203,c,c,490,11,2002,0,,,,3
203,204,a,a,5630,12,2002,1,40.0,2014.0,"Jan,Apr,Jul,Oct",3
204,205,a,a,110,12,2007,0,,,,3
205,206,a,c,380,-1,-1,1,14.0,2012.0,"Jan,Apr,Jul,Oct",3
206,207,a,a,6870,-1,-1,0,,,,3
207,208,c,a,300,4,2006,0,,,,3
208,209,a,c,11680,9,2011,1,31.0,2013.0,"Jan,Apr,Jul,Oct",3
209,210,d,a,970,11,1999,1,5.0,2013.0,"Feb,May,Aug,Nov",3
210,211,a,c,350,11,2006,0,,,,3
211,212,a,c,15050,9,2008,0,,,,3
212,213,d,c,4030,3,2014,1,1.0,2014.0,"Jan,Apr,Jul,Oct",3
213,214,d,a,8650,7,2013,1,10.0,2014.0,"Jan,Apr,Jul,Oct",3
214,215,d,a,150,-1,-1,1,45.0,2009.0,"Feb,May,Aug,Nov",3
215,216,c,a,190,-1,-1,1,45.0,2009.0,"Feb,May,Aug,Nov",3
216,217,c,a,3150,-1,-1,0,,,,3
217,218,a,c,640,-1,-1,1,9.0,2011.0,"Mar,Jun,Sept,Dec",3
218,219,a,a,1640,2,2013,0,,,,3
219,220,a,a,1000,9,2008,0,,,,3
220,221,d,c,13530,9,2013,0,,,,3
221,222,a,a,2170,11,2008,0,,,,3
222,223,d,c,2920,10,1995,1,27.0,2011.0,"Jan,Apr,Jul,Oct",3
223,224,d,c,7930,-1,-1,1,1.0,2013.0,"Jan,Apr,Jul,Oct",3
224,225,d,a,10180,5,2015,0,,,,3
225,226,a,a,450,-1,-1,0,,,,3
226,227,a,a,2370,-1,-1,0,,,,3
227,228,d,c,10800,-1,-1,1,18.0,2011.0,"Feb,May,Aug,Nov",3
228,229,d,c,17410,4,2007,1,14.0,2011.0,"Jan,Apr,Jul,Oct",3
229,230,d,c,6680,9,2013,0,,,,3
230,231,d,c,3840,10,2008,1,39.0,2010.0,"Feb,May,Aug,Nov",3
231,232,c,c,13570,5,2010,1,10.0,2013.0,"Mar,Jun,Sept,Dec",3
232,233,a,a,1890,-1,-1,0,,,,3
233,234,d,a,4370,-1,-1,0,,,,3
234,235,a,a,5710,3,2012,1,37.0,2009.0,"Jan,Apr,Jul,Oct",3
235,236,a,a,1000,11,2007,0,,,,3
236,237,a,a,1420,11,2007,0,,,,3
237,238,a,a,320,-1,-1,1,45.0,2009.0,"Feb,May,Aug,Nov",3
238,239,d,c,610,-1,-1,0,,,,3
239,240,a,a,1110,5,2009,0,,,,3
240,241,d,c,780,-1,-1,0,,,,3
241,242,d,a,6880,9,2001,1,14.0,2011.0,"Jan,Apr,Jul,Oct",3
242,243,a,a,310,-1,-1,1,5.0,2013.0,"Feb,May,Aug,Nov",3
243,244,d,a,710,3,2012,1,1.0,2012.0,"Jan,Apr,Jul,Oct",3
244,245,a,c,1310,-1,-1,0,,,,3
245,246,c,a,4660,4,2013,0,,,,3
246,247,d,c,70,11,2010,1,5.0,2013.0,"Feb,May,Aug,Nov",3
247,248,a,c,340,9,2012,1,40.0,2012.0,"Jan,Apr,Jul,Oct",3
248,249,d,c,18010,9,2014,0,,,,3
249,250,d,a,3520,-1,-1,1,18.0,2012.0,"Feb,May,Aug,Nov",3
250,251,a,c,340,-1,-1,0,,,,3
251,252,d,c,22330,-1,-1,1,5.0,2010.0,"Feb,May,Aug,Nov",3
252,253,a,c,250,-1,-1,1,5.0,2013.0,"Feb,May,Aug,Nov",3
253,254,d,a,330,3,2008,1,1.0,2012.0,"Mar,Jun,Sept,Dec",3
254,255,c,c,4630,3,2011,1,35.0,2011.0,"Feb,May,Aug,Nov",3
255,256,a,c,80,9,2005,1,10.0,2014.0,"Mar,Jun,Sept,Dec",3
256,257,a,a,420,12,2012,0,,,,3
257,258,a,a,27190,7,2010,1,37.0,2009.0,"Jan,Apr,Jul,Oct",3
258,259,b,b,210,-1,-1,0,,,,3
259,260,a,a,540,10,2011,0,,,,3
260,261,d,c,15340,4,2015,1,39.0,2009.0,"Jan,Apr,Jul,Oct",3
261,262,b,a,1180,5,2013,0,,,,3
262,263,a,c,1140,5,2013,1,40.0,2014.0,"Jan,Apr,Jul,Oct",3
263,264,a,a,180,3,2014,0,,,,3
264,265,a,a,4580,-1,-1,1,14.0,2015.0,"Jan,Apr,Jul,Oct",3
265,266,a,c,360,3,2014,1,9.0,2011.0,"Mar,Jun,Sept,Dec",3
266,267,c,a,2460,1,2012,0,,,,3
267,268,a,a,4520,2,2014,0,,,,3
268,269,a,c,60,6,2015,0,,,,3
269,270,a,a,1450,7,2014,0,,,,3
270,271,a,a,420,-1,-1,1,14.0,2011.0,"Jan,Apr,Jul,Oct",3
271,272,a,a,16180,7,2003,1,14.0,2011.0,"Jan,Apr,Jul,Oct",3
272,273,a,c,8480,-1,-1,0,,,,3
273,274,b,b,3640,-1,-1,1,10.0,2013.0,"Jan,Apr,Jul,Oct",3
274,275,d,a,300,5,2014,1,40.0,2014.0,"Jan,Apr,Jul,Oct",3
275,276,a,a,2960,10,2014,1,36.0,2013.0,"Mar,Jun,Sept,Dec",3
276,277,d,c,7840,-1,-1,1,31.0,2009.0,"Feb,May,Aug,Nov",3
277,278,a,c,9260,2,2010,0,,,,3
278,279,d,c,2320,-1,-1,1,40.0,2012.0,"Jan,Apr,Jul,Oct",3
279,280,d,c,18640,9,2013,1,10.0,2014.0,"Mar,Jun,Sept,Dec",3
280,281,d,c,6970,9,2011,0,,,,3
281,282,a,a,1220,12,2010,0,,,,3
282,283,a,a,2260,-1,-1,1,40.0,2014.0,"Jan,Apr,Jul,Oct",3
283,284,d,a,1290,-1,-1,1,40.0,2014.0,"Jan,Apr,Jul,Oct",3
284,285,a,a,2410,-1,-1,0,,,,3
285,286,a,a,1460,4,2015,0,,,,3
286,287,c,a,2740,5,2009,1,40.0,2014.0,"Jan,Apr,Jul,Oct",3
287,288,d,a,800,-1,-1,1,14.0,2011.0,"Mar,Jun,Sept,Dec",3
288,289,d,a,6540,12,2007,0,,,,3
289,290,a,a,4150,5,2001,0,,,,3
290,291,d,a,-1,-1,-1,0,,,,3
291,292,a,a,1100,6,2009,0,,,,3
292,293,c,c,140,11,2007,0,,,,3
293,294,a,a,3150,5,2005,0,,,,3
294,295,a,a,210,11,2000,1,36.0,2013.0,"Mar,Jun,Sept,Dec",3
295,296,a,a,9580,5,2007,1,45.0,2014.0,"Feb,May,Aug,Nov",3
296,297,a,a,2300,9,2010,0,,,,3
297,298,d,a,19840,7,2009,0,,,,3
298,299,d,c,38630,9,2012,0,,,,3
299,300,a,c,120,4,2009,1,1.0,2012.0,"Jan,Apr,Jul,Oct",3
300,301,a,c,4510,3,2015,0,,,,3
301,302,d,c,2190,12,2007,1,9.0,2011.0,"Mar,Jun,Sept,Dec",3
302,303,a,a,15430,11,2012,1,18.0,2011.0,"Feb,May,Aug,Nov",3
303,304,a,a,1950,7,2015,0,,,,3
304,305,c,c,2470,2,2005,1,31.0,2013.0,"Mar,Jun,Sept,Dec",3
305,306,a,a,5100,4,2007,1,40.0,2014.0,"Jan,Apr,Jul,Oct",3
306,307,a,a,18660,9,2002,0,,,,3
307,308,a,a,1070,12,2006,1,13.0,2010.0,"Jan,Apr,Jul,Oct",3
308,309,d,a,8740,-1,-1,1,37.0,2009.0,"Feb,May,Aug,Nov",3
309,310,a,c,2290,-1,-1,1,10.0,2014.0,"Mar,Jun,Sept,Dec",3
310,311,a,c,680,7,2005,0,,,,3
311,312,d,a,11300,3,2012,0,,,,3
312,313,d,c,14160,-1,-1,0,,,,3
313,314,a,a,3560,10,2001,1,31.0,2013.0,"Feb,May,Aug,Nov",3
314,315,a,c,38710,4,2013,0,,,,3
315,316,d,a,9000,8,2001,0,,,,3
316,317,d,a,3140,7,2013,1,14.0,2011.0,"Jan,Apr,Jul,Oct",3
317,318,d,c,32330,3,2014,0,,,,3
318,319,a,c,570,9,2012,1,27.0,2012.0,"Mar,Jun,Sept,Dec",3
319,320,a,c,210,9,2012,0,,,,3
320,321,c,c,8140,11,2013,1,10.0,2014.0,"Mar,Jun,Sept,Dec",3
321,322,a,a,17500,4,2001,1,37.0,2009.0,"Jan,Apr,Jul,Oct",3
322,323,d,c,8400,4,2012,1,5.0,2013.0,"Feb,May,Aug,Nov",3
323,324,a,a,13140,-1,-1,1,14.0,2011.0,"Jan,Apr,Jul,Oct",3
324,325,a,c,350,3,2011,1,22.0,2011.0,"Feb,May,Aug,Nov",3
325,326,d,a,10070,5,2015,1,31.0,2013.0,"Feb,May,Aug,Nov",3
326,327,c,c,1390,12,2004,0,,,,3
327,328,a,a,3130,7,2002,0,,,,3
328,329,a,a,1310,6,1990,1,22.0,2012.0,"Mar,Jun,Sept,Dec",3
329,330,a,c,370,-1,-1,1,22.0,2012.0,"Mar,Jun,Sept,Dec",3
330,331,a,c,670,-1,-1,1,14.0,2015.0,"Jan,Apr,Jul,Oct",3
331,332,a,a,1840,3,2006,0,,,,3
332,333,a,c,3720,2,2010,0,,,,3
333,334,d,c,4040,8,2008,1,18.0,2013.0,"Mar,Jun,Sept,Dec",3
334,335,b,a,90,-1,-1,1,31.0,2013.0,"Jan,Apr,Jul,Oct",3
335,336,a,a,190,7,2014,0,,,,3
336,337,d,c,10600,7,2005,1,45.0,2014.0,"Feb,May,Aug,Nov",3
337,338,a,c,1590,-1,-1,1,37.0,2009.0,"Jan,Apr,Jul,Oct",3
338,339,a,c,2280,-1,-1,1,10.0,2013.0,"Mar,Jun,Sept,Dec",3
339,340,a,c,8080,-1,-1,0,,,,3
340,341,a,a,190,9,2011,0,,,,3
341,342,d,c,15770,-1,-1,1,40.0,2014.0,"Jan,Apr,Jul,Oct",3
342,343,d,a,18650,4,2004,1,14.0,2014.0,"Jan,Apr,Jul,Oct",3
343,344,a,c,300,4,2011,1,14.0,2011.0,"Jan,Apr,Jul,Oct",3
344,345,a,a,120,-1,-1,1,22.0,2012.0,"Jan,Apr,Jul,Oct",3
345,346,a,c,8090,-1,-1,0,,,,3
346,347,d,c,9360,7,2013,1,22.0,2012.0,"Mar,Jun,Sept,Dec",3
347,348,a,a,16490,-1,-1,1,22.0,2012.0,"Jan,Apr,Jul,Oct",3
348,349,c,c,1490,4,2009,0,,,,3
349,350,d,a,8880,-1,-1,1,14.0,2011.0,"Jan,Apr,Jul,Oct",3
350,351,a,a,5290,11,2012,1,5.0,2013.0,"Feb,May,Aug,Nov",3
351,352,d,c,6360,-1,-1,1,40.0,2012.0,"Mar,Jun,Sept,Dec",3
352,353,b,b,900,-1,-1,1,14.0,2013.0,"Feb,May,Aug,Nov",3
353,354,d,c,1500,10,2005,0,,,,3
354,355,a,c,9720,8,2013,0,,,,3
355,356,d,c,8970,12,2007,1,22.0,2012.0,"Feb,May,Aug,Nov",3
356,357,a,a,2060,10,2008,0,,,,3
357,358,a,a,2890,10,2003,0,,,,3
358,359,d,c,4370,-1,-1,0,,,,3
359,360,a,a,2040,6,2007,0,,,,3
360,361,c,c,4490,5,2014,1,5.0,2013.0,"Feb,May,Aug,Nov",3
361,362,c,c,340,-1,-1,0,,,,3
362,363,a,a,250,9,2009,0,,,,3
363,364,a,c,13620,-1,-1,1,10.0,2014.0,"Mar,Jun,Sept,Dec",3
364,365,c,a,2410,-1,-1,1,45.0,2009.0,"Feb,May,Aug,Nov",3
365,366,d,c,6470,12,2004,0,,,,3
366,367,d,c,2640,9,2012,0,,,,3
367,368,d,c,1450,4,2005,1,45.0,2009.0,"Feb,May,Aug,Nov",3
368,369,d,c,5870,4,2014,0,,,,3
369,370,d,a,8250,10,2000,1,31.0,2009.0,"Jan,Apr,Jul,Oct",3
370,371,d,c,1970,7,2009,1,45.0,2014.0,"Feb,May,Aug,Nov",3
371,372,d,c,4880,8,2010,1,18.0,2014.0,"Jan,Apr,Jul,Oct",3
372,373,d,c,11120,-1,-1,1,22.0,2012.0,"Jan,Apr,Jul,Oct",3
373,374,a,a,1150,9,2007,0,,,,3
374,375,a,c,15710,2,2013,1,37.0,2009.0,"Jan,Apr,Jul,Oct",3
375,376,a,a,160,8,2012,0,,,,3
376,377,a,c,100,6,2010,1,18.0,2010.0,"Feb,May,Aug,Nov",3
377,378,a,c,2140,8,2012,0,,,,3
378,379,d,a,6630,-1,-1,0,,,,3
379,380,a,a,2240,5,2013,1,10.0,2014.0,"Mar,Jun,Sept,Dec",3
380,381,a,a,1800,11,2006,1,5.0,2013.0,"Feb,May,Aug,Nov",3
381,382,c,c,26130,11,2002,0,,,,3
382,383,a,c,350,-1,-1,0,,,,3
383,384,a,c,130,-1,-1,1,14.0,2011.0,"Jan,Apr,Jul,Oct",3
384,385,d,a,4580,9,2007,0,,,,3
385,386,d,c,1460,4,2014,1,31.0,2013.0,"Jan,Apr,Jul,Oct",3
386,387,c,a,210,-1,-1,1,36.0,2013.0,"Mar,Jun,Sept,Dec",3
387,388,a,a,2260,-1,-1,0,,,,3
388,389,a,c,6690,8,2011,0,,,,3
389,390,a,c,1600,4,2009,0,,,,3
390,391,a,a,460,11,2014,1,31.0,2013.0,"Feb,May,Aug,Nov",3
391,392,a,a,2120,-1,-1,0,,,,3
392,393,d,c,4820,3,2008,0,,,,3
393,394,d,a,10850,-1,-1,0,,,,3
394,395,a,a,3620,2,2013,0,,,,3
395,396,a,c,23130,-1,-1,0,,,,3
396,397,a,c,130,-1,-1,1,27.0,2013.0,"Feb,May,Aug,Nov",3
397,398,c,c,1540,-1,-1,1,1.0,2012.0,"Jan,Apr,Jul,Oct",3
398,399,a,a,5360,9,2012,1,40.0,2011.0,"Jan,Apr,Jul,Oct",3
399,400,a,a,70,11,2004,1,14.0,2011.0,"Jan,Apr,Jul,Oct",3
400,401,a,c,9200,10,2009,1,14.0,2012.0,"Jan,Apr,Jul,Oct",3
401,402,c,c,5830,9,2011,1,13.0,2010.0,"Jan,Apr,Jul,Oct",3
402,403,a,a,4970,7,2015,0,,,,3
403,404,a,c,1420,-1,-1,1,10.0,2013.0,"Mar,Jun,Sept,Dec",3
404,405,a,a,1080,4,2008,1,14.0,2011.0,"Jan,Apr,Jul,Oct",3
405,406,d,c,8240,3,2001,1,10.0,2013.0,"Feb,May,Aug,Nov",3
406,407,a,a,5890,10,2003,1,14.0,2011.0,"Feb,May,Aug,Nov",3
407,408,c,a,1560,-1,-1,1,45.0,2009.0,"Feb,May,Aug,Nov",3
408,409,d,c,840,-1,-1,1,1.0,2013.0,"Jan,Apr,Jul,Oct",3
409,410,c,a,40,11,2011,1,22.0,2012.0,"Mar,Jun,Sept,Dec",3
410,411,d,c,8460,-1,-1,0,,,,3
411,412,d,c,4460,-1,-1,1,39.0,2010.0,"Jan,Apr,Jul,Oct",3
412,413,a,c,760,9,2014,0,,,,3
413,414,d,c,6210,-1,-1,1,1.0,2013.0,"Jan,Apr,Jul,Oct",3
414,415,d,c,6910,4,2005,0,,,,3
415,416,a,c,4650,6,2014,0,,,,3
416,417,a,c,840,-1,-1,1,10.0,2014.0,"Jan,Apr,Jul,Oct",3
417,418,a,a,1060,5,2009,1,27.0,2011.0,"Feb,May,Aug,Nov",3
418,419,c,a,1620,9,2009,0,,,,3
419,420,d,c,250,-1,-1,1,27.0,2012.0,"Jan,Apr,Jul,Oct",3
420,421,c,c,3530,6,2012,1,35.0,2012.0,"Mar,Jun,Sept,Dec",3
421,422,a,c,2880,-1,-1,0,,,,3
422,423,b,a,1270,5,2014,0,,,,3
423,424,d,c,1250,-1,-1,1,40.0,2011.0,"Jan,Apr,Jul,Oct",3
424,425,d,c,1460,-1,-1,0,,,,3
425,426,a,a,250,-1,-1,0,,,,3
426,427,a,c,70,7,2005,1,13.0,2010.0,"Jan,Apr,Jul,Oct",3
427,428,d,a,2960,12,2014,1,23.0,2015.0,"Mar,Jun,Sept,Dec",3
428,429,d,c,16350,7,2005,1,31.0,2013.0,"Jan,Apr,Jul,Oct",3
429,430,d,c,12870,10,2008,0,,,,3
430,431,d,c,4520,-1,-1,0,,,,3
431,432,a,a,810,5,2013,0,,,,3
432,433,a,c,30030,11,2010,0,,,,3
433,434,a,a,13020,8,2003,1,40.0,2014.0,"Jan,Apr,Jul,Oct",3
434,435,a,a,910,-1,-1,0,,,,3
435,436,d,a,2300,-1,-1,0,,,,3
436,437,c,c,430,-1,-1,1,50.0,2010.0,"Jan,Apr,Jul,Oct",3
437,438,d,c,1110,-1,-1,1,40.0,2012.0,"Jan,Apr,Jul,Oct",3
438,439,a,a,1350,9,2009,0,,,,3
439,440,d,a,3900,4,2005,1,45.0,2009.0,"Feb,May,Aug,Nov",3
440,441,d,a,2530,-1,-1,0,,,,3
441,442,c,a,500,-1,-1,1,45.0,2009.0,"Feb,May,Aug,Nov",3
442,443,d,a,11400,12,2005,0,,,,3
443,444,c,a,1700,11,2009,0,,,,3
444,445,a,a,240,-1,-1,0,,,,3
445,446,a,a,340,10,2000,1,31.0,2013.0,"Feb,May,Aug,Nov",3
446,447,a,c,1510,9,2013,0,,,,3
447,448,a,c,3970,9,2009,0,,,,3
448,449,a,c,120,12,2014,1,37.0,2009.0,"Jan,Apr,Jul,Oct",3
449,450,c,a,5780,11,1994,1,10.0,2014.0,"Mar,Jun,Sept,Dec",3
450,451,a,a,2460,4,2009,1,13.0,2010.0,"Jan,Apr,Jul,Oct",3
451,452,a,c,1850,8,2013,1,5.0,2011.0,"Feb,May,Aug,Nov",3
452,453,a,c,75860,-1,-1,0,,,,3
453,454,a,a,26450,-1,-1,0,,,,3
454,455,d,c,7660,9,2010,0,,,,3
455,456,a,c,140,-1,-1,0,,,,3
456,457,d,c,13140,-1,-1,1,31.0,2013.0,"Jan,Apr,Jul,Oct",3
457,458,c,a,3390,-1,-1,0,,,,3
458,459,a,a,250,9,2008,1,5.0,2013.0,"Feb,May,Aug,Nov",3
459,460,a,a,34050,4,2008,0,,,,3
460,461,d,c,1790,7,2013,1,40.0,2013.0,"Jan,Apr,Jul,Oct",3
461,462,a,a,44320,8,2008,0,,,,3
462,463,a,a,4160,-1,-1,0,,,,3
463,464,c,a,520,3,2009,0,,,,3
464,465,d,c,10890,4,2005,0,,,,3
465,466,a,c,3110,3,2003,0,,,,3
466,467,a,c,20390,4,2008,0,,,,3
467,468,c,c,5260,9,2012,0,,,,3
468,469,c,c,710,9,2005,0,,,,3
469,470,a,c,50,-1,-1,0,,,,3
470,471,d,a,5300,-1,-1,1,45.0,2009.0,"Feb,May,Aug,Nov",3
471,472,c,c,5030,8,2011,0,,,,3
472,473,a,a,50,-1,-1,0,,,,3
473,474,c,a,14810,-1,-1,1,14.0,2011.0,"Mar,Jun,Sept,Dec",3
474,475,a,a,140,9,2005,0,,,,3
475,476,d,a,8300,9,2006,0,,,,3
476,477,d,a,770,7,2010,1,35.0,2010.0,"Jan,Apr,Jul,Oct",3
477,478,d,c,1940,3,2012,0,,,,3
478,479,a,a,320,12,2005,1,9.0,2011.0,"Feb,May,Aug,Nov",3
479,480,a,a,300,11,2012,0,,,,3
480,481,c,c,7470,-1,-1,1,44.0,2012.0,"Feb,May,Aug,Nov",3
481,482,c,a,2550,10,2005,0,,,,3
482,483,a,c,2310,9,2011,1,13.0,2010.0,"Jan,Apr,Jul,Oct",3
483,484,a,c,14300,3,2011,0,,,,3
484,485,d,c,3270,-1,-1,1,22.0,2012.0,"Jan,Apr,Jul,Oct",3
485,486,a,a,2320,-1,-1,1,31.0,2013.0,"Jan,Apr,Jul,Oct",3
486,487,d,c,2180,9,2012,1,40.0,2012.0,"Jan,Apr,Jul,Oct",3
487,488,a,c,2890,4,2014,0,,,,3
488,489,a,a,14960,11,2013,1,37.0,2009.0,"Jan,Apr,Jul,Oct",3
489,490,a,a,660,4,2013,1,40.0,2014.0,"Jan,Apr,Jul,Oct",3
490,491,d,c,4680,-1,-1,1,22.0,2012.0,"Mar,Jun,Sept,Dec",3
491,492,a,a,1740,3,2008,1,40.0,2012.0,"Jan,Apr,Jul,Oct",3
492,493,d,c,1150,-1,-1,1,14.0,2011.0,"Jan,Apr,Jul,Oct",3
493,494,b,a,1260,6,2011,0,,,,3
494,495,d,a,5470,-1,-1,1,37.0,2009.0,"Jan,Apr,Jul,Oct",3
495,496,d,c,2780,6,2015,0,,,,3
496,497,a,c,1610,-1,-1,0,,,,3
497,498,a,a,990,-1,-1,1,40.0,2014.0,"Jan,Apr,Jul,Oct",3
498,499,c,c,450,-1,-1,1,5.0,2013.0,"Feb,May,Aug,Nov",3
499,500,d,c,10690,9,2007,1,5.0,2013.0,"Jan,Apr,Jul,Oct",3
500,501,a,c,1620,9,2006,0,,,,3
501,502,a,a,220,2,2002,1,37.0,2009.0,"Jan,Apr,Jul,Oct",3
502,503,d,c,13080,9,2006,1,14.0,2011.0,"Jan,Apr,Jul,Oct",3
503,504,c,c,820,-1,-1,0,,,,3
504,505,a,a,350,-1,-1,1,5.0,2013.0,"Feb,May,Aug,Nov",3
505,506,a,a,1850,12,2014,1,18.0,2011.0,"Feb,May,Aug,Nov",3
506,507,a,c,9070,4,2011,1,37.0,2009.0,"Jan,Apr,Jul,Oct",3
507,508,a,c,1280,-1,-1,1,40.0,2011.0,"Jan,Apr,Jul,Oct",3
508,509,a,a,4740,7,2008,1,37.0,2009.0,"Jan,Apr,Jul,Oct",3
509,510,a,c,8260,-1,-1,0,,,,3
510,511,a,a,2060,9,2009,0,,,,3
511,512,b,b,590,-1,-1,1,5.0,2013.0,"Mar,Jun,Sept,Dec",3
512,513,a,a,400,8,2013,0,,,,3
513,514,c,c,1200,7,2012,1,27.0,2012.0,"Jan,Apr,Jul,Oct",3
514,515,d,c,11260,-1,-1,1,9.0,2011.0,"Feb,May,Aug,Nov",3
515,516,a,c,20,-1,-1,1,35.0,2010.0,"Mar,Jun,Sept,Dec",3
516,517,a,c,22490,-1,-1,0,,,,3
517,518,d,c,3330,3,2015,1,13.0,2010.0,"Jan,Apr,Jul,Oct",3
518,519,c,c,2510,8,2009,1,1.0,2012.0,"Jan,Apr,Jul,Oct",3
519,520,a,c,6900,-1,-1,1,40.0,2012.0,"Mar,Jun,Sept,Dec",3
520,521,d,a,18610,11,2002,1,48.0,2011.0,"Mar,Jun,Sept,Dec",3
521,522,d,c,7160,11,2012,1,9.0,2011.0,"Jan,Apr,Jul,Oct",3
522,523,c,c,50,11,2013,0,,,,3
523,524,a,c,40860,9,2013,0,,,,3
524,525,d,c,1870,9,2013,0,,,,3
525,526,a,a,120,-1,-1,1,48.0,2011.0,"Mar,Jun,Sept,Dec",3
526,527,d,c,5830,4,2008,0,,,,3
527,528,a,c,20620,-1,-1,1,37.0,2009.0,"Jan,Apr,Jul,Oct",3
528,529,d,c,12920,9,2012,0,,,,3
529,530,a,c,18160,-1,-1,0,,,,3
530,531,a,c,4030,-1,-1,0,,,,3
531,532,a,c,1070,8,2010,0,,,,3
532,533,a,c,5950,-1,-1,0,,,,3
533,534,d,a,1200,9,2009,1,45.0,2009.0,"Jan,Apr,Jul,Oct",3
534,535,a,a,3570,4,2007,0,,,,3
535,536,a,c,4700,9,2002,1,31.0,2013.0,"Feb,May,Aug,Nov",3
536,537,a,a,600,5,2002,1,1.0,2012.0,"Jan,Apr,Jul,Oct",3
537,538,a,a,990,2,2010,0,,,,3
538,539,a,a,770,5,2013,1,40.0,2014.0,"Jan,Apr,Jul,Oct",3
539,540,d,c,810,-1,-1,1,48.0,2012.0,"Jan,Apr,Jul,Oct",3
540,541,a,c,650,7,1990,0,,,,3
541,542,a,a,7280,9,2012,1,1.0,2013.0,"Jan,Apr,Jul,Oct",3
542,543,c,a,1080,12,2012,0,,,,3
543,544,a,a,250,12,2001,1,13.0,2010.0,"Jan,Apr,Jul,Oct",3
544,545,a,c,5020,5,2006,1,18.0,2014.0,"Feb,May,Aug,Nov",3
545,546,a,a,580,1,2005,0,,,,3
546,547,d,c,8990,11,2009,1,35.0,2010.0,"Mar,Jun,Sept,Dec",3
547,548,d,c,3760,2,2009,0,,,,3
548,549,a,c,2330,-1,-1,0,,,,3
549,550,d,c,50,6,2015,0,,,,3
550,551,a,c,2190,9,2013,0,,,,3
551,552,a,a,4260,7,2008,1,37.0,2009.0,"Jan,Apr,Jul,Oct",3
552,553,c,a,3040,9,2002,1,13.0,2010.0,"Jan,Apr,Jul,Oct",3
553,554,c,c,1200,-1,-1,0,,,,3
554,555,d,a,1560,1,2014,1,10.0,2013.0,"Mar,Jun,Sept,Dec",3
555,556,d,c,1140,11,2014,0,,,,3
556,557,a,a,250,-1,-1,0,,,,3
557,558,a,a,3000,2,2010,0,,,,3
558,559,d,a,3910,11,2006,1,5.0,2013.0,"Feb,May,Aug,Nov",3
559,560,c,c,1910,7,2013,0,,,,3
560,561,d,a,14300,-1,-1,0,,,,3
561,562,b,c,1210,-1,-1,0,,,,3
562,563,a,a,700,3,2015,1,10.0,2014.0,"Jan,Apr,Jul,Oct",3
563,564,d,c,6540,-1,-1,1,14.0,2013.0,"Jan,Apr,Jul,Oct",3
564,565,a,c,160,7,2007,0,,,,3
565,566,a,a,3620,-1,-1,1,40.0,2013.0,"Jan,Apr,Jul,Oct",3
566,567,c,a,1010,9,2012,1,18.0,2011.0,"Feb,May,Aug,Nov",3
567,568,d,c,4270,-1,-1,1,1.0,2013.0,"Jan,Apr,Jul,Oct",3
568,569,a,a,1340,9,2006,0,,,,3
569,570,a,a,180,11,2006,0,,,,3
570,571,d,a,2110,11,1995,1,40.0,2014.0,"Jan,Apr,Jul,Oct",3
571,572,d,c,9230,4,2004,1,37.0,2009.0,"Jan,Apr,Jul,Oct",3
572,573,a,a,1190,11,2012,1,36.0,2013.0,"Jan,Apr,Jul,Oct",3
573,574,d,a,4400,-1,-1,0,,,,3
574,575,a,a,960,5,2008,1,13.0,2010.0,"Jan,Apr,Jul,Oct",3
575,576,c,a,50,11,2006,0,,,,3
576,577,a,c,2270,-1,-1,1,35.0,2012.0,"Mar,Jun,Sept,Dec",3
577,578,d,a,12700,4,2013,0,,,,3
578,579,c,a,20970,11,2012,0,,,,3
579,580,a,c,170,2,2009,0,,,,3
580,581,a,a,7250,12,2013,0,,,,3
581,582,a,a,120,-1,-1,0,,,,3
582,583,a,a,2640,11,2002,0,,,,3
583,584,d,a,1360,-1,-1,1,35.0,2010.0,"Mar,Jun,Sept,Dec",3
584,585,d,c,440,4,2014,0,,,,3
585,586,a,c,250,10,2008,0,,,,3
586,587,d,c,330,9,2006,1,14.0,2011.0,"Jan,Apr,Jul,Oct",3
587,588,d,c,15720,3,2010,0,,,,3
588,589,a,c,360,-1,-1,1,18.0,2013.0,"Feb,May,Aug,Nov",3
589,590,d,c,4520,9,2010,1,31.0,2013.0,"Jan,Apr,Jul,Oct",3
590,591,a,c,3340,-1,-1,1,22.0,2012.0,"Mar,Jun,Sept,Dec",3
591,592,a,a,2540,6,2005,0,,,,3
592,593,a,c,33060,3,2010,0,,,,3
593,594,a,a,1790,10,2011,0,,,,3
594,595,c,c,1130,6,2015,0,,,,3
595,596,c,a,290,9,2006,0,,,,3
596,597,a,a,150,9,2008,1,1.0,2012.0,"Mar,Jun,Sept,Dec",3
597,598,c,a,550,12,2013,1,40.0,2014.0,"Jan,Apr,Jul,Oct",3
598,599,d,c,580,11,2014,0,,,,3
599,600,d,c,17340,6,2010,1,9.0,2011.0,"Feb,May,Aug,Nov",3
600,601,d,a,8220,4,2014,1,14.0,2011.0,"Jan,Apr,Jul,Oct",3
601,602,a,a,2710,7,2001,1,22.0,2012.0,"Mar,Jun,Sept,Dec",3
602,603,a,a,340,4,2007,1,13.0,2010.0,"Jan,Apr,Jul,Oct",3
603,604,d,a,10950,3,2014,0,,,,3
604,605,d,a,10310,4,2003,1,37.0,2009.0,"Jan,Apr,Jul,Oct",3
605,606,a,a,2260,11,2007,0,,,,3
606,607,a,a,350,8,1999,1,14.0,2011.0,"Jan,Apr,Jul,Oct",3
607,608,a,c,18370,2,2013,1,14.0,2011.0,"Jan,Apr,Jul,Oct",3
608,609,a,a,2070,9,2007,0,,,,3
609,610,a,a,660,1,2007,0,,,,3
610,611,a,a,8080,12,2002,1,40.0,2014.0,"Jan,Apr,Jul,Oct",3
611,612,d,c,2490,11,2012,1,31.0,2009.0,"Jan,Apr,Jul,Oct",3
612,613,c,a,250,6,2007,1,14.0,2011.0,"Jan,Apr,Jul,Oct",3
613,614,a,a,1160,12,2012,0,,,,3
614,615,d,a,730,8,2007,0,,,,3
615,616,a,c,3040,8,2011,1,35.0,2010.0,"Mar,Jun,Sept,Dec",3
616,617,a,c,8940,-1,-1,1,9.0,2011.0,"Jan,Apr,Jul,Oct",3
617,618,d,c,9910,-1,-1,0,,,,3
618,619,a,a,1600,6,2006,1,45.0,2009.0,"Feb,May,Aug,Nov",3
619,620,d,c,5440,-1,-1,1,40.0,2014.0,"Jan,Apr,Jul,Oct",3
620,621,a,a,30,7,2002,0,,,,3
621,622,a,c,-1,-1,-1,0,,,,3
622,623,a,a,4080,3,2011,1,13.0,2010.0,"Jan,Apr,Jul,Oct",3
623,624,a,c,6920,9,2011,0,,,,3
624,625,a,a,1170,4,2011,1,22.0,2012.0,"Feb,May,Aug,Nov",3
625,626,c,c,10740,11,2013,0,,,,3
626,627,c,c,3970,3,2010,0,,,,3
627,628,a,c,2180,-1,-1,0,,,,3
628,629,d,a,510,7,2014,1,23.0,2015.0,"Mar,Jun,Sept,Dec",3
629,630,a,a,1690,4,2015,0,,,,3
630,631,d,c,2870,-1,-1,1,35.0,2012.0,"Mar,Jun,Sept,Dec",3
631,632,a,a,3350,2,2010,0,,,,3
632,633,d,a,11640,4,2005,1,22.0,2011.0,"Jan,Apr,Jul,Oct",3
633,634,d,a,18610,-1,-1,0,,,,3
634,635,a,a,27530,4,2014,0,,,,3
635,636,c,a,720,10,2004,1,13.0,2010.0,"Jan,Apr,Jul,Oct",3
636,637,d,c,9790,-1,-1,1,31.0,2009.0,"Feb,May,Aug,Nov",3
637,638,d,a,10170,11,2001,0,,,,3
638,639,a,a,7780,11,2006,0,,,,3
639,640,d,c,8040,-1,-1,0,,,,3
640,641,a,c,610,12,2003,1,36.0,2013.0,"Mar,Jun,Sept,Dec",3
641,642,c,c,530,4,2005,1,35.0,2010.0,"Mar,Jun,Sept,Dec",3
642,643,a,a,230,6,2010,1,18.0,2010.0,"Feb,May,Aug,Nov",3
643,644,c,a,4030,12,2004,1,14.0,2011.0,"Jan,Apr,Jul,Oct",3
644,645,a,a,90,-1,-1,1,45.0,2009.0,"Feb,May,Aug,Nov",3
645,646,a,a,620,9,2014,0,,,,3
646,647,a,c,7420,4,2013,0,,,,3
647,648,d,a,2130,12,2008,0,,,,3
648,649,a,a,14570,11,2002,0,,,,3
649,650,a,a,1420,10,2012,1,40.0,2014.0,"Jan,Apr,Jul,Oct",3
650,651,a,a,200,-1,-1,0,,,,3
651,652,a,a,20390,-1,-1,0,,,,3
652,653,d,c,7520,7,2014,1,45.0,2009.0,"Feb,May,Aug,Nov",3
653,654,c,a,6930,9,2006,0,,,,3
654,655,d,c,960,11,2012,1,5.0,2013.0,"Feb,May,Aug,Nov",3
655,656,d,a,410,4,2009,1,13.0,2010.0,"Jan,Apr,Jul,Oct",3
656,657,c,c,80,1,2006,1,10.0,2014.0,"Jan,Apr,Jul,Oct",3
657,658,d,c,520,-1,-1,1,37.0,2009.0,"Jan,Apr,Jul,Oct",3
658,659,d,a,1590,3,2012,0,,,,3
659,660,a,a,1200,11,2006,1,40.0,2014.0,"Jan,Apr,Jul,Oct",3
660,661,d,c,2140,7,2013,0,,,,3
661,662,d,a,1070,-1,-1,0,,,,3
662,663,a,c,7860,5,2005,0,,,,3
663,664,d,c,1680,10,2005,0,,,,3
664,665,a,a,90,12,2012,1,14.0,2011.0,"Jan,Apr,Jul,Oct",3
665,666,c,c,2700,-1,-1,1,9.0,2011.0,"Mar,Jun,Sept,Dec",3
666,667,d,c,2870,9,2012,0,,,,3
667,668,c,a,1270,9,2010,0,,,,3
668,669,d,a,17080,7,2012,1,31.0,2013.0,"Jan,Apr,Jul,Oct",3
669,670,a,a,2060,-1,-1,1,45.0,2009.0,"Feb,May,Aug,Nov",3
670,671,a,c,2070,2,2008,1,39.0,2010.0,"Jan,Apr,Jul,Oct",3
671,672,c,a,240,9,2002,0,,,,3
672,673,d,c,15170,-1,-1,1,5.0,2013.0,"Feb,May,Aug,Nov",3
673,674,a,a,2640,12,2005,1,31.0,2013.0,"Feb,May,Aug,Nov",3
674,675,a,a,2100,8,2013,1,14.0,2011.0,"Jan,Apr,Jul,Oct",3
675,676,b,b,1410,9,2008,0,,,,3
676,677,d,a,1740,6,2014,1,45.0,2009.0,"Feb,May,Aug,Nov",3
677,678,c,a,3250,-1,-1,1,40.0,2011.0,"Jan,Apr,Jul,Oct",3
678,679,a,a,4140,9,2012,0,,,,3
679,680,c,a,170,-1,-1,1,35.0,2012.0,"Mar,Jun,Sept,Dec",3
680,681,a,c,620,-1,-1,1,1.0,2014.0,"Mar,Jun,Sept,Dec",3
681,682,b,a,150,9,2006,0,,,,3
682,683,a,a,2850,7,2014,0,,,,3
683,684,d,c,680,-1,-1,1,22.0,2012.0,"Jan,Apr,Jul,Oct",3
684,685,a,a,650,11,2013,1,37.0,2009.0,"Jan,Apr,Jul,Oct",3
685,686,a,a,20050,4,2002,0,,,,3
686,687,d,c,2770,-1,-1,0,,,,3
687,688,a,a,18760,8,2015,1,14.0,2011.0,"Jan,Apr,Jul,Oct",3
688,689,d,a,15040,10,2004,0,,,,3
689,690,a,a,100,-1,-1,0,,,,3
690,691,d,c,3030,-1,-1,1,37.0,2009.0,"Jan,Apr,Jul,Oct",3
691,692,a,a,40,8,2001,0,,,,3
692,693,d,a,450,-1,-1,1,40.0,2011.0,"Jan,Apr,Jul,Oct",3
693,694,a,c,460,11,2012,1,40.0,2014.0,"Jan,Apr,Jul,Oct",3
694,695,a,a,550,7,2011,1,1.0,2012.0,"Jan,Apr,Jul,Oct",3
695,696,a,c,430,-1,-1,0,,,,3
696,697,d,a,3780,-1,-1,1,40.0,2011.0,"Jan,Apr,Jul,Oct",3
697,698,a,a,1790,5,2011,0,,,,3
698,699,a,a,180,-1,-1,1,5.0,2013.0,"Jan,Apr,Jul,Oct",3
699,700,a,c,830,-1,-1,1,27.0,2013.0,"Jan,Apr,Jul,Oct",3
700,701,d,a,1450,3,2012,1,14.0,2011.0,"Jan,Apr,Jul,Oct",3
701,702,a,a,8550,9,2001,1,45.0,2009.0,"Feb,May,Aug,Nov",3
702,703,a,a,80,6,2005,0,,,,3
703,704,d,c,1910,4,2009,0,,,,3
704,705,a,a,4140,9,2012,1,18.0,2011.0,"Feb,May,Aug,Nov",3
705,706,d,a,7830,9,2014,1,10.0,2014.0,"Mar,Jun,Sept,Dec",3
706,707,a,c,2900,7,1990,0,,,,3
707,708,c,c,11470,10,2009,1,18.0,2014.0,"Jan,Apr,Jul,Oct",3
708,709,a,a,500,12,2010,0,,,,3
709,710,d,a,1500,9,2008,1,14.0,2011.0,"Jan,Apr,Jul,Oct",3
710,711,d,a,17110,3,2007,1,5.0,2010.0,"Jan,Apr,Jul,Oct",3
711,712,a,a,4870,9,2007,1,45.0,2009.0,"Jan,Apr,Jul,Oct",3
712,713,a,c,220,-1,-1,1,10.0,2014.0,"Jan,Apr,Jul,Oct",3
713,714,d,c,12070,10,2005,1,10.0,2013.0,"Jan,Apr,Jul,Oct",3
714,715,a,a,14810,6,2014,0,,,,3
715,716,d,a,3200,1,2008,1,22.0,2011.0,"Jan,Apr,Jul,Oct",3
716,717,d,c,310,-1,-1,1,40.0,2011.0,"Jan,Apr,Jul,Oct",3
717,718,a,a,1100,6,2015,0,,,,3
718,719,c,c,8190,-1,-1,1,45.0,2009.0,"Feb,May,Aug,Nov",3
719,720,a,c,15320,3,2011,1,14.0,2013.0,"Feb,May,Aug,Nov",3
720,721,a,c,3590,9,2012,1,22.0,2012.0,"Mar,Jun,Sept,Dec",3
721,722,a,a,50,-1,-1,0,,,,3
722,723,d,c,5650,9,2008,1,5.0,2013.0,"Feb,May,Aug,Nov",3
723,724,d,c,5900,-1,-1,0,,,,3
724,725,d,c,17540,6,2012,0,,,,3
725,726,a,c,40540,2,2002,0,,,,3
726,727,a,a,2050,3,2007,0,,,,3
727,728,d,a,13990,-1,-1,1,14.0,2011.0,"Jan,Apr,Jul,Oct",3
728,729,c,c,8980,6,2011,0,,,,3
729,730,c,a,1190,9,2013,0,,,,3
730,731,a,a,15270,-1,-1,1,10.0,2014.0,"Jan,Apr,Jul,Oct",3
731,732,a,c,35280,-1,-1,0,,,,3
732,733,b,b,860,10,1999,0,,,,3
733,734,a,a,220,-1,-1,1,36.0,2013.0,"Mar,Jun,Sept,Dec",3
734,735,d,c,1920,4,2005,0,,,,3
735,736,c,c,1650,-1,-1,1,14.0,2011.0,"Jan,Apr,Jul,Oct",3
736,737,a,a,100,5,2007,1,31.0,2013.0,"Jan,Apr,Jul,Oct",3
737,738,d,c,5980,10,2005,0,,,,3
738,739,d,c,2770,6,2008,1,22.0,2011.0,"Jan,Apr,Jul,Oct",3
739,740,d,a,6400,3,2014,0,,,,3
740,741,d,c,11900,-1,-1,0,,,,3
741,742,d,c,4380,-1,-1,0,,,,3
742,743,a,a,6710,11,2003,1,14.0,2012.0,"Jan,Apr,Jul,Oct",3
743,744,a,a,1370,12,2011,1,40.0,2014.0,"Jan,Apr,Jul,Oct",3
744,745,a,a,17650,11,2013,1,37.0,2009.0,"Jan,Apr,Jul,Oct",3
745,746,d,c,4330,2,2011,1,35.0,2011.0,"Mar,Jun,Sept,Dec",3
746,747,c,c,45740,8,2008,0,,,,3
747,748,d,a,2380,3,2010,1,14.0,2011.0,"Jan,Apr,Jul,Oct",3
748,749,a,a,3410,8,2011,1,14.0,2015.0,"Jan,Apr,Jul,Oct",3
749,750,d,a,8670,2,2002,1,14.0,2011.0,"Jan,Apr,Jul,Oct",3
750,751,a,a,650,10,2006,0,,,,3
751,752,a,a,970,3,2013,1,31.0,2013.0,"Feb,May,Aug,Nov",3
752,753,d,c,540,11,2012,1,35.0,2010.0,"Mar,Jun,Sept,Dec",3
753,754,c,c,380,5,2008,1,10.0,2014.0,"Mar,Jun,Sept,Dec",3
754,755,d,c,13130,12,2003,0,,,,3
755,756,a,c,50,-1,-1,1,40.0,2011.0,"Jan,Apr,Jul,Oct",3
756,757,a,c,3450,-1,-1,0,,,,3
757,758,a,c,19780,6,2008,0,,,,3
758,759,a,a,110,11,2012,1,31.0,2013.0,"Feb,May,Aug,Nov",3
759,760,a,a,560,1,2011,0,,,,3
760,761,a,a,2390,9,2012,0,,,,3
761,762,d,c,1280,-1,-1,1,10.0,2013.0,"Mar,Jun,Sept,Dec",3
762,763,d,c,32240,3,2010,0,,,,3
763,764,a,c,26490,-1,-1,1,10.0,2014.0,"Mar,Jun,Sept,Dec",3
764,765,a,c,25430,5,1999,1,37.0,2009.0,"Jan,Apr,Jul,Oct",3
765,766,d,c,9820,-1,-1,0,,,,3
766,767,a,c,13080,-1,-1,0,,,,3
767,768,a,c,2630,9,2012,0,,,,3
768,769,b,b,840,-1,-1,1,48.0,2012.0,"Jan,Apr,Jul,Oct",3
769,770,a,c,100,4,2015,0,,,,3
770,771,a,a,20640,9,2007,0,,,,3
771,772,d,c,1850,-1,-1,0,,,,3
772,773,a,a,200,-1,-1,0,,,,3
773,774,a,c,640,9,2013,0,,,,3
774,775,d,c,6970,12,2005,1,22.0,2011.0,"Jan,Apr,Jul,Oct",3
775,776,c,a,700,4,2009,1,14.0,2011.0,"Jan,Apr,Jul,Oct",3
776,777,d,c,8250,10,2004,1,10.0,2013.0,"Mar,Jun,Sept,Dec",3
777,778,a,a,340,6,2003,1,40.0,2014.0,"Jan,Apr,Jul,Oct",3
778,779,a,a,16990,4,2004,0,,,,3
779,780,a,a,18160,-1,-1,0,,,,3
780,781,a,a,630,4,2007,0,,,,3
781,782,c,c,5390,8,2003,1,1.0,2012.0,"Jan,Apr,Jul,Oct",3
782,783,d,c,15490,-1,-1,0,,,,3
783,784,a,a,560,10,2014,1,10.0,2014.0,"Jan,Apr,Jul,Oct",3
784,785,d,c,970,7,2005,1,31.0,2013.0,"Feb,May,Aug,Nov",3
785,786,a,a,290,11,2006,1,5.0,2013.0,"Feb,May,Aug,Nov",3
786,787,c,c,3210,6,2009,0,,,,3
787,788,a,c,1530,3,2013,0,,,,3
788,789,a,c,9770,7,2003,0,,,,3
789,790,d,c,9070,12,2003,0,,,,3
790,791,a,a,5950,4,2007,0,,,,3
791,792,d,a,17280,10,2009,1,18.0,2011.0,"Feb,May,Aug,Nov",3
792,793,d,a,2710,7,2006,0,,,,3
793,794,c,c,5090,9,2006,0,,,,3
794,795,d,a,510,-1,-1,1,35.0,2010.0,"Mar,Jun,Sept,Dec",3
795,796,a,c,7180,11,2012,0,,,,3
796,797,a,a,2090,10,2012,1,40.0,2014.0,"Jan,Apr,Jul,Oct",3
797,798,a,a,9560,4,2001,0,,,,3
798,799,a,c,2700,-1,-1,0,,,,3
799,800,d,a,2020,7,2014,0,,,,3
800,801,d,a,48330,4,2013,0,,,,3
801,802,a,c,910,-1,-1,1,22.0,2011.0,"Feb,May,Aug,Nov",3
802,803,d,a,1760,-1,-1,1,10.0,2014.0,"Mar,Jun,Sept,Dec",3
803,804,c,c,2100,-1,-1,1,1.0,2013.0,"Jan,Apr,Jul,Oct",3
804,805,d,a,24770,10,2011,1,10.0,2014.0,"Mar,Jun,Sept,Dec",3
805,806,d,a,260,-1,-1,1,44.0,2010.0,"Feb,May,Aug,Nov",3
806,807,a,a,3870,4,2008,0,,,,3
807,808,a,a,18620,-1,-1,1,31.0,2009.0,"Feb,May,Aug,Nov",3
808,809,a,a,12770,10,2000,0,,,,3
809,810,d,c,9640,11,2013,0,,,,3
810,811,a,a,410,9,2012,0,,,,3
811,812,d,a,2590,9,2012,0,,,,3
812,813,a,a,1560,9,2003,0,,,,3
813,814,d,c,24530,7,2013,0,,,,3
814,815,a,a,590,1,1900,1,40.0,2014.0,"Jan,Apr,Jul,Oct",3
815,816,c,c,460,-1,-1,0,,,,3
816,817,a,a,140,3,2006,0,,,,3
817,818,d,a,490,-1,-1,1,35.0,2010.0,"Mar,Jun,Sept,Dec",3
818,819,a,c,720,10,2014,0,,,,3
819,820,a,c,1650,-1,-1,1,40.0,2014.0,"Jan,Apr,Jul,Oct",3
820,821,a,a,1700,9,2009,0,,,,3
821,822,a,c,410,11,2010,1,48.0,2010.0,"Mar,Jun,Sept,Dec",3
822,823,a,c,16210,11,2010,0,,,,3
823,824,a,a,17570,-1,-1,0,,,,3
824,825,a,a,380,5,2011,1,40.0,2014.0,"Jan,Apr,Jul,Oct",3
825,826,a,c,7980,6,2005,0,,,,3
826,827,a,c,250,1,2005,0,,,,3
827,828,d,c,3290,12,2014,0,,,,3
828,829,c,a,110,-1,-1,0,,,,3
829,830,a,c,6320,-1,-1,1,5.0,2011.0,"Jan,Apr,Jul,Oct",3
830,831,a,a,800,6,2007,0,,,,3
831,832,d,a,5070,-1,-1,1,45.0,2009.0,"Feb,May,Aug,Nov",3
832,833,d,c,3290,12,1999,1,35.0,2010.0,"Mar,Jun,Sept,Dec",3
833,834,a,a,3470,3,2012,0,,,,3
834,835,a,a,2890,12,2007,1,10.0,2014.0,"Mar,Jun,Sept,Dec",3
835,836,a,a,2720,9,2012,0,,,,3
836,837,a,c,14600,4,2015,0,,,,3
837,838,d,c,6890,-1,-1,1,48.0,2011.0,"Mar,Jun,Sept,Dec",3
838,839,c,a,240,1,2015,0,,,,3
839,840,a,a,1070,9,2009,0,,,,3
840,841,a,a,27650,8,2004,0,,,,3
841,842,d,c,1200,11,2007,0,,,,3
842,843,c,a,60,4,2006,0,,,,3
843,844,a,a,2030,9,2012,1,18.0,2011.0,"Feb,May,Aug,Nov",3
844,845,d,a,7860,11,2005,1,14.0,2011.0,"Jan,Apr,Jul,Oct",3
845,846,a,c,8860,4,2004,1,37.0,2009.0,"Jan,Apr,Jul,Oct",3
846,847,c,c,190,-1,-1,1,31.0,2013.0,"Feb,May,Aug,Nov",3
847,848,a,c,370,7,2007,1,14.0,2011.0,"Jan,Apr,Jul,Oct",3
848,849,c,c,5000,-1,-1,0,,,,3
849,850,d,a,1120,5,2007,1,31.0,2013.0,"Jan,Apr,Jul,Oct",3
850,851,d,c,2330,-1,-1,1,49.0,2014.0,"Mar,Jun,Sept,Dec",3
851,852,c,a,940,4,2004,1,14.0,2011.0,"Jan,Apr,Jul,Oct",3
852,853,a,a,14040,-1,-1,0,,,,3
853,854,c,a,4770,-1,-1,1,13.0,2010.0,"Jan,Apr,Jul,Oct",3
854,855,a,a,3440,-1,-1,1,45.0,2009.0,"Feb,May,Aug,Nov",3
855,856,a,a,3020,2,2010,0,,,,3
856,857,c,a,6270,8,2005,1,23.0,2014.0,"Mar,Jun,Sept,Dec",3
857,858,a,a,3370,12,2008,1,40.0,2014.0,"Jan,Apr,Jul,Oct",3
858,859,c,a,21770,7,2015,0,,,,3
859,860,c,c,5980,2,2010,0,,,,3
860,861,c,c,740,-1,-1,1,14.0,2013.0,"Mar,Jun,Sept,Dec",3
861,862,a,c,2840,3,2010,1,14.0,2011.0,"Jan,Apr,Jul,Oct",3
862,863,a,c,21370,11,2010,0,,,,3
863,864,a,a,1020,10,2012,1,45.0,2009.0,"Feb,May,Aug,Nov",3
864,865,d,c,2640,-1,-1,0,,,,3
865,866,d,a,9680,-1,-1,1,5.0,2013.0,"Feb,May,Aug,Nov",3
866,867,d,c,21810,9,2012,0,,,,3
867,868,d,c,1360,8,2005,1,10.0,2014.0,"Jan,Apr,Jul,Oct",3
868,869,c,a,230,10,2001,1,14.0,2011.0,"Jan,Apr,Jul,Oct",3
869,870,a,a,780,4,2009,0,,,,3
870,871,d,c,10620,-1,-1,0,,,,3
871,872,a,c,3860,9,2014,1,23.0,2015.0,"Mar,Jun,Sept,Dec",3
872,873,a,a,2040,11,2008,0,,,,3
873,874,a,a,3210,-1,-1,0,,,,3
874,875,d,a,5070,11,2007,1,18.0,2015.0,"Feb,May,Aug,Nov",3
875,876,a,a,21790,4,2005,1,18.0,2015.0,"Feb,May,Aug,Nov",3
876,877,a,c,29190,-1,-1,0,,,,3
877,878,d,c,1100,12,2014,0,,,,3
878,879,d,a,-1,-1,-1,1,5.0,2013.0,"Feb,May,Aug,Nov",3
879,880,a,c,4570,-1,-1,0,,,,3
880,881,a,a,180,3,2008,1,31.0,2013.0,"Feb,May,Aug,Nov",3
881,882,a,a,30,4,2013,0,,,,3
882,883,a,a,3200,6,2005,0,,,,3
883,884,d,c,7550,-1,-1,0,,,,3
884,885,a,a,480,12,2005,0,,,,3
885,886,a,c,12430,10,2004,0,,,,3
886,887,d,a,19700,-1,-1,1,37.0,2009.0,"Jan,Apr,Jul,Oct",3
887,888,d,a,4450,6,2012,1,35.0,2012.0,"Mar,Jun,Sept,Dec",3
888,889,d,a,18670,12,2005,0,,,,3
889,890,a,a,4450,-1,-1,1,14.0,2011.0,"Jan,Apr,Jul,Oct",3
890,891,a,c,350,-1,-1,1,31.0,2013.0,"Feb,May,Aug,Nov",3
891,892,a,a,19370,4,2002,0,,,,3
892,893,a,a,130,-1,-1,1,1.0,2013.0,"Jan,Apr,Jul,Oct",3
893,894,a,a,190,11,2012,0,,,,3
894,895,a,c,4150,-1,-1,0,,,,3
895,896,a,c,170,9,2012,0,,,,3
896,897,c,c,3290,1,2007,1,5.0,2013.0,"Feb,May,Aug,Nov",3
897,898,a,a,18540,-1,-1,0,,,,3
898,899,d,a,2590,-1,-1,1,13.0,2010.0,"Jan,Apr,Jul,Oct",3
899,900,a,a,3920,4,2005,1,40.0,2014.0,"Jan,Apr,Jul,Oct",3
900,901,a,c,3170,4,2014,0,,,,3
901,902,a,a,310,5,2015,1,40.0,2014.0,"Jan,Apr,Jul,Oct",3
902,903,d,c,7290,9,2014,0,,,,3
903,904,d,c,570,7,2013,1,14.0,2011.0,"Jan,Apr,Jul,Oct",3
904,905,a,a,90,6,2014,0,,,,3
905,906,a,a,90,7,2010,0,,,,3
906,907,a,c,250,-1,-1,0,,,,3
907,908,a,a,1980,7,2010,1,37.0,2009.0,"Jan,Apr,Jul,Oct",3
908,909,a,c,1680,-1,-1,1,45.0,2009.0,"Feb,May,Aug,Nov",3
909,910,d,c,12480,-1,-1,1,1.0,2013.0,"Jan,Apr,Jul,Oct",3
910,911,a,c,16490,-1,-1,0,,,,3
911,912,c,c,3100,5,2010,0,,,,3
912,913,a,a,280,-1,-1,0,,,,3
913,914,c,c,2640,4,2011,1,22.0,2012.0,"Mar,Jun,Sept,Dec",3
914,915,d,c,650,3,2013,1,40.0,2014.0,"Jan,Apr,Jul,Oct",3
915,916,a,a,90,11,2012,0,,,,3
916,917,a,a,7240,2,2010,0,,,,3
917,918,a,c,18710,4,2015,0,,,,3
918,919,a,a,2620,-1,-1,1,45.0,2009.0,"Feb,May,Aug,Nov",3
919,920,a,a,850,2,2012,1,40.0,2014.0,"Jan,Apr,Jul,Oct",3
920,921,a,a,840,9,2006,0,,,,3
921,922,d,a,2110,3,2006,0,,,,3
922,923,a,a,280,9,2008,0,,,,3
923,924,a,a,6420,4,2011,1,1.0,2012.0,"Jan,Apr,Jul,Oct",3
924,925,c,a,470,3,2007,1,1.0,2012.0,"Jan,Apr,Jul,Oct",3
925,926,d,c,5150,3,2011,1,13.0,2010.0,"Jan,Apr,Jul,Oct",3
926,927,a,a,480,-1,-1,0,,,,3
927,928,d,c,1090,-1,-1,1,31.0,2013.0,"Feb,May,Aug,Nov",3
928,929,a,c,4820,9,2013,0,,,,3
929,930,a,a,70,-1,-1,0,,,,3
930,931,a,c,1480,9,2011,1,1.0,2012.0,"Jan,Apr,Jul,Oct",3
931,932,a,a,15700,-1,-1,1,13.0,2010.0,"Jan,Apr,Jul,Oct",3
932,933,a,c,6270,2,2005,0,,,,3
933,934,a,c,5460,-1,-1,1,14.0,2011.0,"Jan,Apr,Jul,Oct",3
934,935,a,c,22350,6,2010,0,,,,3
935,936,a,a,580,2,2008,0,,,,3
936,937,d,a,2810,-1,-1,1,10.0,2014.0,"Jan,Apr,Jul,Oct",3
937,938,a,a,2820,9,2009,0,,,,3
938,939,d,a,1340,-1,-1,0,,,,3
939,940,d,c,6470,9,2012,0,,,,3
940,941,a,a,1200,12,2011,1,31.0,2013.0,"Jan,Apr,Jul,Oct",3
941,942,d,c,6860,-1,-1,1,18.0,2011.0,"Jan,Apr,Jul,Oct",3
942,943,d,c,18020,-1,-1,0,,,,3
943,944,c,a,1670,7,2015,0,,,,3
944,945,a,c,12480,3,2011,0,,,,3
945,946,a,a,2220,12,2011,1,14.0,2015.0,"Jan,Apr,Jul,Oct",3
946,947,a,a,460,3,2014,1,13.0,2010.0,"Jan,Apr,Jul,Oct",3
947,948,b,b,1430,-1,-1,0,,,,3
948,949,a,a,870,3,2006,0,,,,3
949,950,a,a,8460,11,1994,0,,,,3
950,951,d,c,710,-1,-1,1,40.0,2011.0,"Jan,Apr,Jul,Oct",3
951,952,d,c,6300,10,2013,0,,,,3
952,953,a,a,19830,4,2006,1,22.0,2011.0,"Mar,Jun,Sept,Dec",3
953,954,a,a,390,2,2013,1,10.0,2014.0,"Jan,Apr,Jul,Oct",3
954,955,d,c,1690,7,2009,1,36.0,2013.0,"Mar,Jun,Sept,Dec",3
955,956,a,a,2330,10,2014,1,18.0,2011.0,"Feb,May,Aug,Nov",3
956,957,d,c,1420,11,2012,0,,,,3
957,958,a,a,440,11,2013,0,,,,3
958,959,a,c,1060,12,2005,0,,,,3
959,960,d,a,8990,-1,-1,1,31.0,2009.0,"Feb,May,Aug,Nov",3
960,961,d,c,9430,-1,-1,0,,,,3
961,962,c,a,260,-1,-1,0,,,,3
962,963,a,c,23620,11,2013,0,,,,3
963,964,a,a,270,-1,-1,1,5.0,2013.0,"Feb,May,Aug,Nov",3
964,965,a,c,110,-1,-1,0,,,,3
965,966,a,a,760,2,2008,0,,,,3
966,967,a,c,3560,9,2013,1,36.0,2013.0,"Jan,Apr,Jul,Oct",3
967,968,c,a,1190,-1,-1,0,,,,3
968,969,a,c,600,11,1999,1,10.0,2013.0,"Jan,Apr,Jul,Oct",3
969,970,a,a,910,12,2014,1,37.0,2009.0,"Jan,Apr,Jul,Oct",3
970,971,c,a,1140,5,2011,1,14.0,2012.0,"Mar,Jun,Sept,Dec",3
971,972,a,a,14960,-1,-1,0,,,,3
972,973,d,c,330,-1,-1,1,28.0,2012.0,"Jan,Apr,Jul,Oct",3
973,974,a,a,150,3,2011,1,40.0,2014.0,"Jan,Apr,Jul,Oct",3
974,975,a,c,9630,-1,-1,1,14.0,2011.0,"Jan,Apr,Jul,Oct",3
975,976,a,a,4180,-1,-1,0,,,,3
976,977,a,a,520,9,2005,1,13.0,2010.0,"Jan,Apr,Jul,Oct",3
977,978,c,c,3890,-1,-1,0,,,,3
978,979,a,c,2270,11,2005,1,14.0,2011.0,"Jan,Apr,Jul,Oct",3
979,980,a,a,4420,9,2005,0,,,,3
980,981,d,c,2620,11,2002,0,,,,3
981,982,d,a,21930,-1,-1,0,,,,3
982,983,a,a,40,3,2014,1,1.0,2014.0,"Jan,Apr,Jul,Oct",3
983,984,c,a,440,-1,-1,1,1.0,2013.0,"Jan,Apr,Jul,Oct",3
984,985,c,c,490,5,2007,1,13.0,2010.0,"Jan,Apr,Jul,Oct",3
985,986,a,a,620,10,2014,1,18.0,2014.0,"Feb,May,Aug,Nov",3
986,987,c,a,1690,6,2007,0,,,,3
987,988,a,a,30,11,2012,0,,,,3
988,989,a,a,1640,6,2006,1,40.0,2011.0,"Jan,Apr,Jul,Oct",3
989,990,d,a,20930,-1,-1,0,,,,3
990,991,a,a,1010,-1,-1,0,,,,3
991,992,a,a,2480,7,1990,0,,,,3
992,993,d,c,3460,10,2013,1,10.0,2014.0,"Jan,Apr,Jul,Oct",3
993,994,a,a,2290,7,2011,1,1.0,2012.0,"Jan,Apr,Jul,Oct",3
994,995,d,a,6560,12,2013,0,,,,3
995,996,c,a,2870,7,2015,1,13.0,2010.0,"Jan,Apr,Jul,Oct",3
996,997,d,c,5840,7,2010,1,37.0,2009.0,"Jan,Apr,Jul,Oct",3
997,998,a,a,780,9,2005,1,5.0,2013.0,"Feb,May,Aug,Nov",3
998,999,d,c,15140,2,2002,1,37.0,2009.0,"Jan,Apr,Jul,Oct",3
999,1000,a,c,2230,5,2009,1,40.0,2014.0,"Jan,Apr,Jul,Oct",3
1000,1001,c,a,19640,-1,-1,1,14.0,2011.0,"Jan,Apr,Jul,Oct",3
1001,1002,d,c,1130,11,2008,0,,,,3
1002,1003,a,a,170,7,2013,1,27.0,2013.0,"Jan,Apr,Jul,Oct",3
1003,1004,d,c,970,-1,-1,1,9.0,2011.0,"Mar,Jun,Sept,Dec",3
1004,1005,a,a,6480,-1,-1,0,,,,3
1005,1006,c,c,3890,11,2006,1,5.0,2013.0,"Feb,May,Aug,Nov",3
1006,1007,c,c,4180,9,2012,0,,,,3
1007,1008,a,c,30,9,2010,0,,,,3
1008,1009,a,a,230,7,2004,1,10.0,2014.0,"Jan,Apr,Jul,Oct",3
1009,1010,d,c,4610,6,2010,1,18.0,2010.0,"Feb,May,Aug,Nov",3
1010,1011,a,c,490,9,2012,1,18.0,2011.0,"Feb,May,Aug,Nov",3
1011,1012,d,c,6330,6,2004,1,39.0,2010.0,"Jan,Apr,Jul,Oct",3
1012,1013,a,a,630,2,2015,1,31.0,2013.0,"Feb,May,Aug,Nov",3
1013,1014,a,c,210,-1,-1,1,31.0,2013.0,"Jan,Apr,Jul,Oct",3
1014,1015,d,c,9910,12,2010,1,9.0,2011.0,"Mar,Jun,Sept,Dec",3
1015,1016,c,c,550,-1,-1,1,35.0,2010.0,"Mar,Jun,Sept,Dec",3
1016,1017,c,a,110,11,2008,0,,,,3
1017,1018,c,c,140,9,2012,0,,,,3
1018,1019,d,c,2740,7,2014,1,13.0,2010.0,"Jan,Apr,Jul,Oct",3
1019,1020,a,a,40,8,2015,0,,,,3
1020,1021,a,a,1080,5,2011,0,,,,3
1021,1022,a,c,1520,-1,-1,0,,,,3
1022,1023,c,a,3740,2,2002,1,14.0,2011.0,"Jan,Apr,Jul,Oct",3
1023,1024,c,c,1990,1,2012,0,,,,3
1024,1025,a,a,720,11,2009,0,,,,3
1025,1026,c,a,450,6,2011,1,48.0,2012.0,"Mar,Jun,Sept,Dec",3
1026,1027,a,c,190,6,2008,1,40.0,2011.0,"Jan,Apr,Jul,Oct",3
1027,1028,a,a,150,-1,-1,1,31.0,2013.0,"Jan,Apr,Jul,Oct",3
1028,1029,a,a,1590,3,2006,0,,,,3
1029,1030,a,a,36410,4,2008,0,,,,3
1030,1031,d,a,590,5,2001,0,,,,3
1031,1032,d,c,270,2,2013,1,40.0,2012.0,"Jan,Apr,Jul,Oct",3
1032,1033,a,a,7680,3,2006,0,,,,3
1033,1034,a,a,13750,4,2015,0,,,,3
1034,1035,a,a,27150,-1,-1,0,,,,3
1035,1036,d,c,9560,-1,-1,1,36.0,2013.0,"Jan,Apr,Jul,Oct",3
1036,1037,a,c,150,-1,-1,0,,,,3
1037,1038,d,a,17290,10,2013,0,,,,3
1038,1039,a,c,70,6,1990,1,22.0,2012.0,"Mar,Jun,Sept,Dec",3
1039,1040,a,a,4030,2,2013,1,10.0,2014.0,"Jan,Apr,Jul,Oct",3
1040,1041,c,a,1600,8,2013,1,40.0,2014.0,"Jan,Apr,Jul,Oct",3
1041,1042,a,a,3440,-1,-1,1,31.0,2013.0,"Feb,May,Aug,Nov",3
1042,1043,c,a,420,3,2006,0,,,,3
1043,1044,c,a,240,4,2015,1,13.0,2010.0,"Jan,Apr,Jul,Oct",3
1044,1045,a,c,26990,12,2013,0,,,,3
1045,1046,d,c,29070,4,2005,0,,,,3
1046,1047,a,a,3750,-1,-1,1,45.0,2009.0,"Feb,May,Aug,Nov",3
1047,1048,d,c,1860,9,2012,1,40.0,2012.0,"Jan,Apr,Jul,Oct",3
1048,1049,a,a,370,7,2012,1,14.0,2011.0,"Jan,Apr,Jul,Oct",3
1049,1050,d,c,13170,8,2014,1,9.0,2011.0,"Mar,Jun,Sept,Dec",3
1050,1051,c,a,200,7,1998,1,1.0,2012.0,"Jan,Apr,Jul,Oct",3
1051,1052,a,c,5080,-1,-1,1,31.0,2013.0,"Feb,May,Aug,Nov",3
1052,1053,a,a,1710,7,2015,0,,,,3
1053,1054,a,c,13190,-1,-1,1,45.0,2013.0,"Feb,May,Aug,Nov",3
1054,1055,c,a,1980,4,2009,0,,,,3
1055,1056,d,c,5350,-1,-1,1,40.0,2012.0,"Jan,Apr,Jul,Oct",3
1056,1057,d,c,3230,11,2011,0,,,,3
1057,1058,a,c,180,-1,-1,1,35.0,2010.0,"Mar,Jun,Sept,Dec",3
1058,1059,c,a,3380,4,2013,0,,,,3
1059,1060,a,c,3430,-1,-1,1,31.0,2013.0,"Feb,May,Aug,Nov",3
1060,1061,d,c,8110,-1,-1,0,,,,3
1061,1062,d,a,190,9,2012,1,40.0,2012.0,"Feb,May,Aug,Nov",3
1062,1063,a,c,6250,-1,-1,0,,,,3
1063,1064,a,c,420,-1,-1,0,,,,3
1064,1065,a,a,1290,-1,-1,1,35.0,2011.0,"Mar,Jun,Sept,Dec",3
1065,1066,a,a,3350,-1,-1,0,,,,3
1066,1067,d,c,12020,7,2009,0,,,,3
1067,1068,d,c,5010,-1,-1,1,5.0,2013.0,"Jan,Apr,Jul,Oct",3
1068,1069,a,c,18050,-1,-1,1,14.0,2011.0,"Jan,Apr,Jul,Oct",3
1069,1070,c,c,400,10,2008,0,,,,3
1070,1071,a,a,820,3,2012,1,35.0,2012.0,"Mar,Jun,Sept,Dec",3
1071,1072,a,c,5380,8,2015,1,5.0,2010.0,"Feb,May,Aug,Nov",3
1072,1073,a,c,1710,-1,-1,1,44.0,2012.0,"Jan,Apr,Jul,Oct",3
1073,1074,c,c,3330,10,2001,1,14.0,2011.0,"Jan,Apr,Jul,Oct",3
1074,1075,a,c,1410,10,2013,0,,,,3
1075,1076,a,c,90,-1,-1,1,1.0,2013.0,"Jan,Apr,Jul,Oct",3
1076,1077,a,a,3750,11,2001,1,35.0,2010.0,"Mar,Jun,Sept,Dec",3
1077,1078,d,c,670,-1,-1,1,40.0,2011.0,"Jan,Apr,Jul,Oct",3
1078,1079,a,a,16680,-1,-1,1,37.0,2009.0,"Jan,Apr,Jul,Oct",3
1079,1080,a,a,2410,-1,-1,1,40.0,2014.0,"Jan,Apr,Jul,Oct",3
1080,1081,b,a,400,3,2006,0,,,,3
1081,1082,c,a,440,4,2002,0,,,,3
1082,1083,d,c,11540,-1,-1,1,5.0,2013.0,"Feb,May,Aug,Nov",3
1083,1084,a,a,190,-1,-1,1,13.0,2010.0,"Jan,Apr,Jul,Oct",3
1084,1085,c,a,4030,2,2015,0,,,,3
1085,1086,a,a,180,11,2013,1,18.0,2011.0,"Feb,May,Aug,Nov",3
1086,1087,d,c,2210,11,2011,0,,,,3
1087,1088,a,a,4300,3,2009,1,27.0,2013.0,"Jan,Apr,Jul,Oct",3
1088,1089,d,a,5220,5,2009,0,,,,3
1089,1090,a,a,330,-1,-1,1,14.0,2011.0,"Jan,Apr,Jul,Oct",3
1090,1091,a,c,9990,-1,-1,0,,,,3
1091,1092,a,a,300,7,2000,1,40.0,2014.0,"Jan,Apr,Jul,Oct",3
1092,1093,c,c,10450,6,2009,0,,,,3
1093,1094,d,a,2380,3,2013,1,40.0,2014.0,"Jan,Apr,Jul,Oct",3
1094,1095,a,a,690,6,2007,1,14.0,2011.0,"Jan,Apr,Jul,Oct",3
1095,1096,a,c,1130,-1,-1,1,10.0,2014.0,"Mar,Jun,Sept,Dec",3
1096,1097,b,b,720,3,2002,0,,,,3
1097,1098,a,a,1830,11,2004,0,,,,3
1098,1099,a,c,200,4,2013,1,14.0,2013.0,"Jan,Apr,Jul,Oct",3
1099,1100,a,a,540,-1,-1,1,14.0,2011.0,"Jan,Apr,Jul,Oct",3
1100,1101,d,c,4060,9,2012,0,,,,3
1101,1102,a,a,850,11,2012,1,40.0,2014.0,"Jan,Apr,Jul,Oct",3
1102,1103,d,c,1340,10,2006,1,5.0,2013.0,"Feb,May,Aug,Nov",3
1103,1104,d,a,260,2,2012,1,14.0,2011.0,"Jan,Apr,Jul,Oct",3
1104,1105,c,c,330,11,2008,1,5.0,2013.0,"Feb,May,Aug,Nov",3
1105,1106,a,c,5330,9,2011,1,31.0,2013.0,"Jan,Apr,Jul,Oct",3
1106,1107,a,a,1400,6,2012,1,13.0,2010.0,"Jan,Apr,Jul,Oct",3
1107,1108,a,a,540,4,2004,0,,,,3
1108,1109,c,a,3490,4,2011,1,22.0,2012.0,"Jan,Apr,Jul,Oct",3
1109,1110,c,c,900,9,2010,0,,,,3
1110,1111,a,a,1900,6,2014,1,31.0,2013.0,"Jan,Apr,Jul,Oct",3
1111,1112,c,c,1880,4,2006,0,,,,3
1112,1113,a,c,9260,-1,-1,0,,,,3
1113,1114,a,c,870,-1,-1,0,,,,3
1114,1115,d,c,5350,-1,-1,1,22.0,2012.0,"Mar,Jun,Sept,Dec",3
